Date,Veg,Pettah_wholesale,Dambulla_wholesale,Pettah_retail,Dambulla_retail
1/1/2019,Beans,100,115,140,135
1/1/2019,Carrot,100,105,140,125
1/1/2019,Cabbage,80,65,120,85
1/1/2019,Tomatoes,80,68,100,88
1/1/2019,Brinjal,100,88,140,108
1/2/2019,Beans,93,85,127,105
1/2/2019,Carrot,103,95,130,115
1/2/2019,Cabbage,80,80,110,93
1/2/2019,Tomatoes,83,58,110,78
1/2/2019,Brinjal,98,78,133,98
1/3/2019,Beans,90,105,120,125
1/3/2019,Carrot,125,123,130,143
1/3/2019,Cabbage,78,95,113,115
1/3/2019,Tomatoes,83,65,103,85
1/3/2019,Brinjal,110,105,140,125
1/4/2019,Beans,83,95,115,115
1/4/2019,Carrot,77,95,107,115
1/4/2019,Cabbage,83,65,113,85
1/4/2019,Tomatoes,87,58,110,78
1/4/2019,Brinjal,103,95,130,115
1/7/2019,Beans,153,105,190,125
1/7/2019,Carrot,75,85,113,105
1/7/2019,Cabbage,60,53,97,73
1/7/2019,Tomatoes,68,53,98,73
1/7/2019,Brinjal,67,75,100,95
1/8/2019,Beans,153,115,190,135
1/8/2019,Carrot,93,95,95,115
1/8/2019,Cabbage,63,48,93,60
1/8/2019,Tomatoes,103,75,110,95
1/8/2019,Brinjal,87,90,127,115
1/9/2019,Beans,157,95,193,115
1/9/2019,Carrot,83,74,113,94
1/9/2019,Cabbage,60,38,95,58
1/9/2019,Tomatoes,75,53,110,73
1/9/2019,Brinjal,67,68,100,88
1/10/2019,Beans,133,118,167,133
1/10/2019,Carrot,90,73,127,93
1/10/2019,Cabbage,70,63,107,58
1/10/2019,Tomatoes,68,58,93,78
1/10/2019,Brinjal,100,98,133,118
1/11/2019,Beans,125,115,160,135
1/11/2019,Carrot,78,75,115,95
1/11/2019,Cabbage,42,33,78,53
1/11/2019,Tomatoes,72,58,110,78
1/11/2019,Brinjal,85,95,120,115
1/14/2019,Beans,118,125,137,145
1/14/2019,Carrot,85,105,113,125
1/14/2019,Cabbage,43,38,80,58
1/14/2019,Tomatoes,77,65,107,85
1/14/2019,Brinjal,110,95,128,115
1/16/2019,Beans,110,108,140,128
1/16/2019,Carrot,88,85,120,105
1/16/2019,Cabbage,40,35,78,55
1/16/2019,Tomatoes,83,63,127,83
1/16/2019,Brinjal,47,95,77,115
1/17/2019,Beans,117,75,143,95
1/17/2019,Carrot,93,55,90,75
1/17/2019,Cabbage,33,33,53,53
1/17/2019,Tomatoes,67,58,90,78
1/17/2019,Brinjal,57,85,83,105
1/18/2019,Beans,104,65,138,85
1/18/2019,Carrot,78,95,115,115
1/18/2019,Cabbage,44,28,65,48
1/18/2019,Tomatoes,64,68,100,88
1/18/2019,Brinjal,64,85,108,105
1/21/2019,Beans,123,118,158,138
1/21/2019,Carrot,80,98,113,118
1/21/2019,Cabbage,43,48,63,63
1/21/2019,Tomatoes,70,55,100,75
1/21/2019,Brinjal,73,98,118,118
1/22/2019,Beans,113,105,140,125
1/22/2019,Carrot,80,85,97,105
1/22/2019,Cabbage,37,43,57,63
1/22/2019,Tomatoes,53,48,80,68
1/22/2019,Brinjal,73,88,100,108
1/24/2019,Beans,80,115,117,135
1/24/2019,Carrot,77,75,110,95
1/24/2019,Cabbage,40,33,67,53
1/24/2019,Tomatoes,50,38,80,58
1/24/2019,Brinjal,53,85,83,105
1/25/2019,Beans,87,115,120,135
1/25/2019,Carrot,74,63,110,83
1/25/2019,Cabbage,44,53,70,73
1/25/2019,Tomatoes,46,63,80,83
1/25/2019,Brinjal,50,65,92,85
1/28/2019,Beans,90,95,120,115
1/28/2019,Carrot,87,95,120,115
1/28/2019,Cabbage,35,28,60,48
1/28/2019,Tomatoes,43,48,77,68
1/28/2019,Brinjal,60,48,87,68
1/29/2019,Beans,105,68,143,88
1/29/2019,Carrot,97,83,130,103
1/29/2019,Cabbage,40,23,67,43
1/29/2019,Tomatoes,57,53,87,73
1/29/2019,Brinjal,67,65,97,85
1/30/2019,Beans,100,75,133,95
1/30/2019,Carrot,100,105,133,133
1/30/2019,Cabbage,50,28,80,48
1/30/2019,Tomatoes,57,43,90,63
1/30/2019,Brinjal,63,58,90,78
1/31/2019,Beans,103,75,130,95
1/31/2019,Carrot,90,105,117,125
1/31/2019,Cabbage,47,23,70,43
1/31/2019,Tomatoes,67,33,83,53
1/31/2019,Brinjal,83,48,103,63
2/1/2019,Beans,80,55,125,75
2/1/2019,Carrot,64,83,105,38
2/1/2019,Cabbage,36,18,74,38
2/1/2019,Tomatoes,45,33,83,53
2/1/2019,Brinjal,51,38,95,58
2/5/2019,Beans,83,68,113,88
2/5/2019,Carrot,80,88,113,108
2/5/2019,Cabbage,45,28,78,48
2/5/2019,Tomatoes,68,48,100,68
2/5/2019,Brinjal,63,38,93,58
2/6/2019,Beans,47,63,73,83
2/6/2019,Carrot,83,88,113,108
2/6/2019,Cabbage,35,25,60,45
2/6/2019,Tomatoes,50,38,80,58
2/6/2019,Brinjal,60,38,97,58
2/7/2019,Beans,57,45,80,65
2/7/2019,Carrot,77,88,107,108
2/7/2019,Cabbage,43,18,65,38
2/7/2019,Tomatoes,50,43,70,63
2/7/2019,Brinjal,67,35,70,55
2/8/2019,Beans,67,30,88,50
2/8/2019,Carrot,87,73,117,93
2/8/2019,Cabbage,38,13,63,33
2/8/2019,Tomatoes,40,38,73,58
2/8/2019,Brinjal,53,31,83,51
2/11/2019,Beans,70,85,93,105
2/11/2019,Carrot,90,95,123,115
2/11/2019,Cabbage,40,18,68,38
2/11/2019,Tomatoes,40,33,70,53
2/11/2019,Brinjal,53,38,83,58
2/12/2019,Beans,45,68,100,88
2/12/2019,Carrot,80,75,120,95
2/12/2019,Cabbage,45,28,75,48
2/12/2019,Tomatoes,40,38,75,58
2/12/2019,Brinjal,30,38,60,58
2/13/2019,Beans,50,65,95,85
2/13/2019,Carrot,80,58,120,78
2/13/2019,Cabbage,45,17,75,37
2/13/2019,Tomatoes,40,38,80,58
2/13/2019,Brinjal,40,33,80,53
2/14/2019,Beans,50,68,95,88
2/14/2019,Carrot,80,85,120,105
2/14/2019,Cabbage,45,18,70,38
2/14/2019,Tomatoes,40,38,75,58
2/14/2019,Brinjal,40,43,80,63
2/15/2019,Beans,67,78,103,98
2/15/2019,Carrot,63,95,113,115
2/15/2019,Cabbage,30,13,67,33
2/15/2019,Tomatoes,35,33,75,53
2/15/2019,Brinjal,37,48,80,68
2/18/2019,Beans,75,75,110,95
2/18/2019,Carrot,70,88,100,108
2/18/2019,Cabbage,35,18,60,38
2/18/2019,Tomatoes,40,33,75,53
2/18/2019,Brinjal,40,38,75,58
2/20/2019,Beans,75,78,110,98
2/20/2019,Carrot,80,78,110,98
2/20/2019,Cabbage,35,23,60,43
2/20/2019,Tomatoes,40,33,75,53
2/20/2019,Brinjal,40,33,75,53
2/21/2019,Beans,75,75,120,95
2/21/2019,Carrot,80,73,120,93
2/21/2019,Cabbage,35,23,60,43
2/21/2019,Tomatoes,40,33,65,53
2/21/2019,Brinjal,40,43,80,63
2/22/2019,Beans,85,83,120,103
2/22/2019,Carrot,73,95,120,115
2/22/2019,Cabbage,26,11,70,31
2/22/2019,Tomatoes,35,38,85,58
2/22/2019,Brinjal,50,43,80,63
2/25/2019,Beans,90,95,120,115
2/25/2019,Carrot,85,83,115,103
2/25/2019,Cabbage,35,11,60,31
2/25/2019,Tomatoes,45,38,90,58
2/25/2019,Brinjal,40,78,75,98
2/26/2019,Beans,85,95,120,115
2/26/2019,Carrot,85,95,120,115
2/26/2019,Cabbage,35,19,60,40
2/26/2019,Tomatoes,45,33,80,53
2/26/2019,Brinjal,40,78,80,98
2/27/2019,Beans,90,78,120,98
2/27/2019,Carrot,90,65,120,85
2/27/2019,Cabbage,35,17,60,37
2/27/2019,Tomatoes,45,33,80,53
2/27/2019,Brinjal,70,85,100,105
2/28/2019,Beans,90,95,120,115
2/28/2019,Carrot,85,83,120,103
2/28/2019,Cabbage,35,15,60,35
2/28/2019,Tomatoes,45,33,80,53
2/28/2019,Brinjal,75,85,100,105
3/1/2019,Beans,75,58,107,78
3/1/2019,Carrot,70,73,120,93
3/1/2019,Cabbage,25,16,63,37
3/1/2019,Tomatoes,36,33,83,53
3/1/2019,Brinjal,87,95,120,115
3/5/2019,Beans,80,78,120,98
3/5/2019,Carrot,80,93,93,113
3/5/2019,Cabbage,35,23,70,43
3/5/2019,Tomatoes,30,33,75,53
3/5/2019,Brinjal,80,85,120,105
3/6/2019,Beans,80,73,120,93
3/6/2019,Carrot,80,83,120,103
3/6/2019,Cabbage,35,23,65,43
3/6/2019,Tomatoes,35,28,75,48
3/6/2019,Brinjal,80,95,120,115
3/7/2019,Beans,75,48,110,68
3/7/2019,Carrot,80,85,120,105
3/7/2019,Cabbage,35,28,60,48
3/7/2019,Tomatoes,35,31,75,51
3/7/2019,Brinjal,80,95,100,115
3/8/2019,Beans,60,63,100,83
3/8/2019,Carrot,60,88,110,108
3/8/2019,Cabbage,26,18,60,38
3/8/2019,Tomatoes,40,34,80,54
3/8/2019,Brinjal,93,115,117,135
3/11/2019,Beans,65,65,100,85
3/11/2019,Carrot,80,75,110,95
3/11/2019,Cabbage,50,31,75,51
3/11/2019,Tomatoes,35,35,70,55
3/11/2019,Brinjal,70,85,100,105
3/12/2019,Beans,70,48,100,68
3/12/2019,Carrot,85,75,120,95
3/12/2019,Tomatoes,35,33,75,53
3/12/2019,Cabbage,45,38,75,58
3/12/2019,Brinjal,80,95,115,115
3/13/2019,Beans,70,63,100,83
3/13/2019,Carrot,85,83,120,103
3/13/2019,Cabbage,40,28,75,48
3/13/2019,Tomatoes,35,28,75,48
3/13/2019,Brinjal,80,95,115,115
3/14/2019,Beans,70,65,100,85
3/14/2019,Carrot,80,83,115,103
3/14/2019,Cabbage,40,28,65,48
3/14/2019,Tomatoes,40,28,70,48
3/14/2019,Brinjal,70,85,100,105
3/15/2019,Beans,70,68,100,88
3/15/2019,Carrot,70,83,105,103
3/15/2019,Cabbage,40,29,60,49
3/15/2019,Tomatoes,38,23,65,43
3/15/2019,Brinjal,70,83,100,103
3/18/2019,Beans,80,78,120,98
3/18/2019,Carrot,80,93,120,113
3/18/2019,Cabbage,45,28,75,48
3/18/2019,Tomatoes,50,28,80,48
3/18/2019,Brinjal,60,88,85,108
3/19/2019,Beans,75,78,110,98
3/19/2019,Carrot,75,83,110,103
3/19/2019,Cabbage,45,34,75,54
3/19/2019,Tomatoes,50,28,75,48
3/19/2019,Brinjal,60,78,85,98
3/21/2019,Beans,85,65,120,85
3/21/2019,Carrot,75,88,110,108
3/21/2019,Cabbage,45,28,75,48
3/21/2019,Tomatoes,45,24,75,44
3/21/2019,Brinjal,55,63,90,83
3/22/2019,Beans,75,85,110,95
3/22/2019,Carrot,75,88,110,108
3/22/2019,Cabbage,45,28,75,48
3/22/2019,Tomatoes,45,28,75,48
3/22/2019,Brinjal,60,65,85,83
3/25/2019,Beans,75,80,110,98
3/25/2019,Carrot,80,65,115,85
3/25/2019,Cabbage,45,25,75,45
3/25/2019,Tomatoes,45,28,75,48
3/25/2019,Brinjal,60,55,90,75
3/26/2019,Beans,80,77,115,97
3/26/2019,Carrot,75,65,115,85
3/26/2019,Cabbage,45,31,75,51
3/26/2019,Tomatoes,45,28,75,48
3/26/2019,Brinjal,60,33,90,53
3/27/2019,Beans,80,73,120,93
3/27/2019,Carrot,75,68,110,88
3/27/2019,Cabbage,48,25,75,45
3/27/2019,Tomatoes,45,33,75,53
3/27/2019,Brinjal,65,35,95,55
3/28/2019,Beans,80,88,115,108
3/28/2019,Carrot,80,83,115,103
3/28/2019,Cabbage,45,28,75,48
3/28/2019,Tomatoes,45,31,75,51
3/28/2019,Brinjal,60,43,90,63
3/29/2019,Beans,80,83,115,103
3/29/2019,Carrot,75,65,105,85
3/29/2019,Cabbage,45,25,75,45
3/29/2019,Tomatoes,43,33,70,53
3/29/2019,Brinjal,55,35,80,55
4/1/2019,Beans,85,85,120,105
4/1/2019,Carrot,80,68,105,88
4/1/2019,Cabbage,48,28,75,48
4/1/2019,Tomatoes,40,43,70,63
4/1/2019,Brinjal,65,33,95,53
4/2/2019,Beans,100,115,140,133
4/2/2019,Carrot,80,88,115,108
4/2/2019,Cabbage,48,33,75,53
4/2/2019,Tomatoes,40,33,65,53
4/2/2019,Brinjal,65,33,95,53
4/3/2019,Beans,80,95,120,115
4/3/2019,Carrot,85,88,120,108
4/3/2019,Cabbage,48,28,75,48
4/3/2019,Tomatoes,40,30,65,50
4/3/2019,Brinjal,55,28,80,48
4/4/2019,Beans,75,75,115,95
4/4/2019,Carrot,80,103,120,123
4/4/2019,Cabbage,48,33,75,53
4/4/2019,Tomatoes,40,28,65,48
4/4/2019,Brinjal,60,18,85,38
4/5/2019,Beans,75,83,115,100
4/5/2019,Carrot,75,83,115,105
4/5/2019,Cabbage,48,29,75,50
4/5/2019,Tomatoes,40,28,60,48
4/5/2019,Brinjal,60,23,85,48
4/8/2019,Beans,100,68,130,88
4/8/2019,Carrot,80,73,110,93
4/8/2019,Cabbage,50,28,75,48
4/8/2019,Tomatoes,43,35,75,55
4/8/2019,Brinjal,70,45,100,65
4/9/2019,Beans,100,78,130,98
4/9/2019,Carrot,80,73,110,93
4/9/2019,Cabbage,50,23,75,43
4/9/2019,Tomatoes,40,33,70,53
4/9/2019,Brinjal,80,38,110,58
4/10/2019,Beans,140,105,170,125
4/10/2019,Carrot,80,68,110,88
4/10/2019,Cabbage,50,28,75,48
4/10/2019,Tomatoes,100,75,135,95
4/10/2019,Brinjal,70,45,100,65
4/11/2019,Beans,200,145,240,165
4/11/2019,Carrot,80,78,110,98
4/11/2019,Cabbage,50,21,75,41
4/11/2019,Tomatoes,100,95,135,115
4/11/2019,Brinjal,70,53,100,73
4/12/2019,Beans,220,165,260,185
4/12/2019,Carrot,80,75,110,95
4/12/2019,Cabbage,50,28,75,48
4/12/2019,Tomatoes,100,85,135,105
4/12/2019,Brinjal,70,55,100,75
4/16/2019,Beans,200,n.a.,240,n.a.
4/16/2019,Carrot,80,n.a.,100,n.a.
4/16/2019,Cabbage,60,n.a.,80,n.a.
4/16/2019,Tomatoes,120,n.a.,160,n.a.
4/16/2019,Brinjal,60,n.a.,80,n.a.
4/17/2019,Beans,90,n.a.,130,n.a.
4/17/2019,Carrot,100,n.a.,140,n.a.
4/17/2019,Cabbage,50,n.a.,75,n.a.
4/17/2019,Tomatoes,100,n.a.,135,n.a.
4/17/2019,Brinjal,70,n.a.,100,n.a.
4/18/2019,Beans,160,115,190,135
4/18/2019,Carrot,80,75,120,95
4/18/2019,Cabbage,60,60,100,63
4/18/2019,Tomatoes,50,33,80,53
4/18/2019,Brinjal,60,23,100,43
4/22/2019,Beans,n.a.,155,n.a.,175
4/22/2019,Carrot,n.a.,83,n.a.,103
4/22/2019,Cabbage,n.a.,33,n.a.,53
4/22/2019,Tomatoes,n.a.,33,n.a.,53
4/22/2019,Brinjal,n.a.,15,n.a.,35
4/23/2019,Beans,280,155,340,175
4/23/2019,Carrot,90,75,120,95
4/23/2019,Cabbage,40,28,75,48
4/23/2019,Tomatoes,70,25,100,45
4/23/2019,Brinjal,30,13,65,33
4/24/2019,Beans,270,205,317,225
4/24/2019,Carrot,105,73,130,93
4/24/2019,Cabbage,50,33,83,53
4/24/2019,Tomatoes,85,43,120,63
4/24/2019,Brinjal,50,18,85,38
4/25/2019,Beans,260,175,300,195
4/25/2019,Carrot,110,103,130,123
4/25/2019,Cabbage,50,35,100,55
4/25/2019,Tomatoes,60,45,100,65
4/25/2019,Brinjal,35,45,80,65
4/26/2019,Beans,260,165,300,185
4/26/2019,Carrot,80,75,120,95
4/26/2019,Cabbage,50,28,95,48
4/26/2019,Tomatoes,60,45,100,65
4/26/2019,Brinjal,35,28,80,48
4/29/2019,Beans,260,245,320,265
4/29/2019,Carrot,100,45,120,65
4/29/2019,Cabbage,50,18,95,38
4/29/2019,Tomatoes,80,45,120,65
4/29/2019,Brinjal,33,13,75,33
4/30/2019,Beans,240,243,290,263
4/30/2019,Carrot,80,80,110,98
4/30/2019,Cabbage,45,33,75,53
4/30/2019,Tomatoes,75,55,100,79
4/30/2019,Brinjal,33,15,75,35
2-May-19,Beans,210,245,250,265
2-May-19,Carrot,80,58,110,78
2-May-19,Cabbage,45,38,75,58
2-May-19,Tomatoes,75,68,100,88
2-May-19,Brinjal,33,13,75,33
3-May-19,Beans,240,245,245,265
3-May-19,Carrot,75,55,110,75
3-May-19,Cabbage,50,33,75,53
3-May-19,Tomatoes,55,75,90,95
3-May-19,Brinjal,33,28,75,48
6-May-19,Beans,260,215,300,235
6-May-19,Carrot,95,63,140,83
6-May-19,Cabbage,50,23,75,43
6-May-19,Tomatoes,100,68,140,88
6-May-19,Brinjal,40,43,100,63
7-May-19,Beans,240,265,280,285
7-May-19,Carrot,90,63,130,83
7-May-19,Cabbage,50,28,75,48
7-May-19,Tomatoes,90,78,130,98
7-May-19,Brinjal,50,53,110,73
8-May-19,Beans,240,255,280,275
8-May-19,Carrot,90,95,130,115
8-May-19,Cabbage,50,47,75,67
8-May-19,Tomatoes,90,83,120,103
8-May-19,Brinjal,50,63,100,83
9-May-19,Beans,240,255,280,275
9-May-19,Carrot,100,85,130,105
9-May-19,Cabbage,50,45,75,65
9-May-19,Tomatoes,90,75,120,95
9-May-19,Brinjal,50,58,100,78
10-May-19,Beans,210,265,250,285
10-May-19,Carrot,120,125,150,145
10-May-19,Cabbage,48,53,75,73
10-May-19,Tomatoes,100,88,140,108
10-May-19,Brinjal,95,55,130,75
13-May-19,Beans,220,235,260,258
13-May-19,Carrot,130,145,160,165
13-May-19,Cabbage,60,55,80,75
13-May-19,Tomatoes,100,95,120,115
13-May-19,Brinjal,115,75,120,95
14-May-19,Beans,180,180,240,200
14-May-19,Carrot,100,145,140,165
14-May-19,Cabbage,53,58,95,78
14-May-19,Tomatoes,100,95,130,115
14-May-19,Brinjal,80,63,120,83
15-May-19,Beans,170,135,200,155
15-May-19,Carrot,100,138,138,158
15-May-19,Cabbage,60,58,100,78
15-May-19,Tomatoes,100,75,130,95
15-May-19,Brinjal,120,75,160,95
16-May-19,Beans,160,155,200,175
16-May-19,Carrot,110,153,150,173
16-May-19,Cabbage,53,78,95,98
16-May-19,Tomatoes,100,83,130,103
16-May-19,Brinjal,100,83,160,103
17-May-19,Beans,160,175,200,195
17-May-19,Carrot,140,138,200,158
17-May-19,Cabbage,53,58,95,78
17-May-19,Tomatoes,90,85,130,105
17-May-19,Brinjal,100,105,160,125
21-May-19,Beans,180,151,220,171
21-May-19,Carrot,140,205,180,225
21-May-19,Cabbage,60,95,100,115
21-May-19,Tomatoes,100,85,140,105
21-May-19,Brinjal,140,125,170,145
22-May-19,Beans,180,115,220,135
22-May-19,Carrot,140,135,180,155
22-May-19,Cabbage,60,68,100,88
22-May-19,Tomatoes,100,48,140,68
22-May-19,Brinjal,140,110,170,133
23-May-19,Beans,180,93,240,113
23-May-19,Carrot,140,185,180,205
23-May-19,Cabbage,70,55,110,75
23-May-19,Tomatoes,75,63,110,83
23-May-19,Brinjal,120,115,160,135
24-May-19,Beans,160,88,200,108
24-May-19,Carrot,160,175,200,195
24-May-19,Cabbage,70,75,100,95
24-May-19,Tomatoes,70,65,110,85
24-May-19,Brinjal,120,105,160,125
27-May-19,Beans,140,145,180,165
27-May-19,Carrot,150,143,180,163
27-May-19,Cabbage,70,63,110,83
27-May-19,Tomatoes,70,68,120,88
27-May-19,Brinjal,120,113,160,133
28-May-19,Beans,145,175,180,195
28-May-19,Carrot,150,145,180,165
28-May-19,Cabbage,70,68,110,88
28-May-19,Tomatoes,75,58,120,78
28-May-19,Brinjal,120,125,160,145
29-May-19,Beans,155,165,190,185
29-May-19,Carrot,150,145,180,165
29-May-19,Cabbage,70,63,110,83
29-May-19,Tomatoes,80,58,120,78
29-May-19,Brinjal,120,105,160,125
30-May-19,Beans,150,170,190,193
30-May-19,Carrot,150,135,190,190
30-May-19,Cabbage,70,55,55,75
30-May-19,Tomatoes,75,55,110,110
30-May-19,Brinjal,120,85,160,105
31-May-19,Beans,140,165,180,185
31-May-19,Carrot,150,125,180,145
31-May-19,Cabbage,55,55,90,75
31-May-19,Tomatoes,65,38,100,58
31-May-19,Brinjal,80,63,100,83
3-Jun-19,Beans,170,165,240,185
3-Jun-19,Carrot,140,130,190,153
3-Jun-19,Cabbage,60,58,100,78
3-Jun-19,Tomatoes,40,35,80,55
3-Jun-19,Brinjal,75,83,120,103
4-Jun-19,Beans,n.a.,145,n.a.,165
4-Jun-19,Carrot,n.a.,173,n.a.,193
4-Jun-19,Cabbage,n.a.,48,n.a.,68
4-Jun-19,Tomatoes,n.a.,41,n.a.,61
4-Jun-19,Brinjal,n.a.,53,n.a.,73
6-Jun-19,Beans,140,158,180,178
6-Jun-19,Carrot,140,121,180,141
6-Jun-19,Cabbage,60,61,90,58
6-Jun-19,Tomatoes,45,38,80,178
6-Jun-19,Brinjal,50,63,100,83
7-Jun-19,Beans,140,155,180,175
7-Jun-19,Carrot,140,155,190,175
7-Jun-19,Cabbage,60,58,90,78
7-Jun-19,Tomatoes,40,18,80,38
7-Jun-19,Brinjal,50,53,90,73
10-Jun-19,Beans,140,175,170,195
10-Jun-19,Carrot,140,115,150,135
10-Jun-19,Cabbage,60,48,100,68
10-Jun-19,Tomatoes,40,33,75,53
10-Jun-19,Brinjal,50,55,95,75
11-Jun-19,Beans,170,145,200,165
11-Jun-19,Carrot,120,125,160,145
11-Jun-19,Cabbage,60,48,100,68
11-Jun-19,Tomatoes,40,28,70,48
11-Jun-19,Brinjal,50,55,80,75
12-Jun-19,Beans,160,115,200,130
12-Jun-19,Carrot,120,125,170,145
12-Jun-19,Cabbage,60,48,80,68
12-Jun-19,Tomatoes,50,23,70,43
12-Jun-19,Brinjal,70,48,100,68
13-Jun-19,Beans,130,145,160,165
13-Jun-19,Carrot,120,143,160,160
13-Jun-19,Cabbage,50,48,90,68
13-Jun-19,Tomatoes,50,34,80,54
13-Jun-19,Brinjal,70,58,100,78
14-Jun-19,Beans,140,135,180,155
14-Jun-19,Carrot,120,125,160,145
14-Jun-19,Cabbage,50,55,80,75
14-Jun-19,Tomatoes,40,28,60,48
14-Jun-19,Brinjal,70,68,100,88
17-Jun-19,Beans,130,115,160,135
17-Jun-19,Carrot,130,125,180,145
17-Jun-19,Cabbage,50,33,90,53
17-Jun-19,Tomatoes,50,23,80,43
17-Jun-19,Brinjal,70,48,100,68
18-Jun-19,Beans,130,n.a.,160,n.a.
18-Jun-19,Carrot,120,145,160,165
18-Jun-19,Cabbage,50,48,90,68
18-Jun-19,Tomatoes,50,38,80,58
18-Jun-19,Brinjal,70,75,100,95
19-Jun-19,Beans,120,93,160,115
19-Jun-19,Carrot,140,145,180,165
19-Jun-19,Cabbage,50,43,90,63
19-Jun-19,Tomatoes,50,33,80,53
19-Jun-19,Brinjal,70,78,100,98
20-Jun-19,Beans,120,85,160,105
20-Jun-19,Carrot,150,115,180,135
20-Jun-19,Cabbage,50,33,90,53
20-Jun-19,Tomatoes,50,28,80,48
20-Jun-19,Brinjal,60,45,90,65
21-Jun-19,Beans,120,115,160,135
21-Jun-19,Carrot,130,133,170,153
21-Jun-19,Cabbage,50,33,90,53
21-Jun-19,Tomatoes,50,29,80,48
21-Jun-19,Brinjal,60,45,95,65
24-Jun-19,Beans,70,95,100,115
24-Jun-19,Carrot,140,128,160,148
24-Jun-19,Cabbage,50,33,80,80
24-Jun-19,Tomatoes,30,28,60,48
24-Jun-19,Brinjal,50,55,90,75
25-Jun-19,Beans,75,65,110,85
25-Jun-19,Carrot,140,128,160,148
25-Jun-19,Cabbage,50,44,80,64
25-Jun-19,Tomatoes,30,38,60,58
25-Jun-19,Brinjal,55,58,110,78
26-Jun-19,Beans,80,95,120,115
26-Jun-19,Carrot,130,115,155,155
26-Jun-19,Cabbage,50,25,80,45
26-Jun-19,Tomatoes,30,28,60,48
26-Jun-19,Brinjal,50,63,90,83
27-Jun-19,Beans,55,78,100,98
27-Jun-19,Carrot,120,123,150,150
27-Jun-19,Cabbage,35,38,65,58
27-Jun-19,Tomatoes,35,38,65,58
27-Jun-19,Brinjal,50,45,80,65
28-Jun-19,Beans,80,75,110,95
28-Jun-19,Carrot,130,115,160,135
28-Jun-19,Cabbage,40,38,65,58
28-Jun-19,Tomatoes,35,33,65,53
28-Jun-19,Brinjal,50,55,80,75
1-Jul-19,Beans,100,85,140,105
1-Jul-19,Carrot,120,115,160,135
1-Jul-19,Cabbage,40,33,65,53
1-Jul-19,Tomatoes,75,55,110,75
1-Jul-19,Brinjal,70,55,100,75
2-Jul-19,Beans,90,85,120,105
2-Jul-19,Carrot,130,125,160,145
2-Jul-19,Cabbage,40,33,70,53
2-Jul-19,Tomatoes,60,68,100,88
2-Jul-19,Brinjal,55,85,90,105
3-Jul-19,Beans,75,83,110,103
3-Jul-19,Carrot,130,128,160,148
3-Jul-19,Cabbage,40,29,70,49
3-Jul-19,Tomatoes,60,58,100,100
3-Jul-19,Brinjal,50,75,80,95
4-Jul-19,Beans,75,85,110,105
4-Jul-19,Carrot,130,155,160,175
4-Jul-19,Cabbage,40,38,70,58
4-Jul-19,Tomatoes,60,63,100,83
4-Jul-19,Brinjal,55,45,90,65
5-Jul-19,Beans,75,83,120,103
5-Jul-19,Carrot,130,158,160,178
5-Jul-19,Cabbage,40,28,65,48
5-Jul-19,Tomatoes,55,38,95,58
5-Jul-19,Brinjal,60,48,100,68
8-Jul-19,Beans,100,75,145,95
8-Jul-19,Carrot,130,135,160,155
8-Jul-19,Cabbage,40,28,65,48
8-Jul-19,Tomatoes,50,43,90,63
8-Jul-19,Brinjal,60,48,100,68
9-Jul-19,Beans,100,85,140,105
9-Jul-19,Carrot,130,135,160,155
9-Jul-19,Cabbage,40,28,65,48
9-Jul-19,Tomatoes,55,38,80,58
9-Jul-19,Brinjal,60,73,100,93
10-Jul-19,Beans,100,98,140,118
10-Jul-19,Carrot,125,145,155,165
10-Jul-19,Cabbage,40,23,65,43
10-Jul-19,Tomatoes,50,48,80,68
10-Jul-19,Brinjal,68,63,100,83
11-Jul-19,Beans,80,78,120,98
11-Jul-19,Carrot,120,125,150,145
11-Jul-19,Cabbage,40,29,65,49
11-Jul-19,Tomatoes,50,45,80,65
11-Jul-19,Brinjal,60,55,100,75
12-Jul-19,Beans,70,85,100,105
12-Jul-19,Carrot,120,143,150,163
12-Jul-19,Cabbage,40,23,65,43
12-Jul-19,Tomatoes,50,33,80,53
12-Jul-19,Brinjal,60,75,100,95
15-Jul-19,Beans,80,105,110,125
15-Jul-19,Carrot,130,105,160,125
15-Jul-19,Cabbage,40,23,75,43
15-Jul-19,Tomatoes,65,48,95,68
15-Jul-19,Brinjal,80,75,110,95
17-Jul-19,Beans,80,105,120,125
17-Jul-19,Carrot,130,115,160,135
17-Jul-19,Cabbage,40,38,65,58
17-Jul-19,Tomatoes,60,38,100,58
17-Jul-19,Brinjal,80,75,110,95
18-Jul-19,Beans,90,95,120,115
18-Jul-19,Carrot,125,123,155,143
18-Jul-19,Cabbage,40,33,65,53
18-Jul-19,Tomatoes,70,53,100,73
18-Jul-19,Brinjal,80,63,120,83
22-Jul-19,Beans,90,128,120,143
22-Jul-19,Carrot,100,125,130,145
22-Jul-19,Cabbage,35,28,60,48
22-Jul-19,Tomatoes,55,60,90,80
22-Jul-19,Brinjal,75,45,110,65
23-Jul-19,Beans,90,175,120,195
23-Jul-19,Carrot,95,95,125,115
23-Jul-19,Cabbage,35,28,60,48
23-Jul-19,Tomatoes,55,58,90,78
23-Jul-19,Brinjal,75,55,110,75
24-Jul-19,Beans,120,105,155,125
24-Jul-19,Carrot,80,115,110,135
24-Jul-19,Cabbage,35,23,60,43
24-Jul-19,Tomatoes,55,48,90,68
24-Jul-19,Brinjal,75,58,110,78
25-Jul-19,Beans,120,175,145,195
25-Jul-19,Carrot,85,113,120,133
25-Jul-19,Cabbage,25,33,55,53
25-Jul-19,Tomatoes,55,73,80,93
25-Jul-19,Brinjal,75,55,100,75
26-Jul-19,Beans,120,148,145,168
26-Jul-19,Carrot,80,123,110,143
26-Jul-19,Cabbage,25,33,55,53
26-Jul-19,Tomatoes,45,53,75,73
26-Jul-19,Brinjal,75,63,120,83
29-Jul-19,Beans,140,165,200,185
29-Jul-19,Carrot,90,115,120,135
29-Jul-19,Cabbage,25,23,55,43
29-Jul-19,Tomatoes,55,68,80,88
29-Jul-19,Brinjal,75,53,100,73
30-Jul-19,Beans,140,175,200,195
30-Jul-19,Carrot,100,105,140,125
30-Jul-19,Cabbage,25,23,55,43
30-Jul-19,Tomatoes,55,78,80,98
30-Jul-19,Brinjal,70,68,100,88
31-Jul-19,Beans,140,163,200,183
31-Jul-19,Carrot,100,88,140,108
31-Jul-19,Cabbage,25,18,55,38
31-Jul-19,Tomatoes,55,73,80,93
31-Jul-19,Brinjal,75,48,100,100
1-Aug-19,Beans,135,170,180,193
1-Aug-19,Carrot,100,115,140,135
1-Aug-19,Cabbage,25,28,55,48
1-Aug-19,Tomatoes,50,63,75,83
1-Aug-19,Brinjal,80,75,100,95
2-Aug-19,Beans,130,143,180,163
2-Aug-19,Carrot,100,95,120,115
2-Aug-19,Cabbage,25,28,55,48
2-Aug-19,Tomatoes,50,63,80,83
2-Aug-19,Brinjal,70,48,100,68
5-Aug-19,Beans,130,115,160,135
5-Aug-19,Carrot,85,85,120,105
5-Aug-19,Cabbage,25,23,55,43
5-Aug-19,Tomatoes,90,73,100,93
5-Aug-19,Brinjal,75,43,120,63
6-Aug-19,Beans,130,160,160,180
6-Aug-19,Carrot,95,115,125,135
6-Aug-19,Cabbage,25,28,55,48
6-Aug-19,Tomatoes,70,63,100,83
6-Aug-19,Brinjal,75,65,120,85
7-Aug-19,Beans,130,113,160,133
7-Aug-19,Carrot,95,103,130,123
7-Aug-19,Cabbage,25,23,55,43
7-Aug-19,Tomatoes,70,83,100,103
7-Aug-19,Brinjal,75,53,120,73
8-Aug-19,Beans,140,100,160,120
8-Aug-19,Carrot,95,113,130,133
8-Aug-19,Cabbage,25,25,55,45
8-Aug-19,Tomatoes,65,75,100,95
8-Aug-19,Brinjal,75,63,120,83
9-Aug-19,Beans,120,115,140,135
9-Aug-19,Carrot,100,88,140,108
9-Aug-19,Cabbage,40,33,60,53
9-Aug-19,Tomatoes,90,73,120,93
9-Aug-19,Brinjal,80,50,100,70
13-Aug-19,Beans,155,95,200,115
13-Aug-19,Carrot,80,78,120,98
13-Aug-19,Cabbage,25,28,55,48
13-Aug-19,Tomatoes,70,88,100,108
13-Aug-19,Brinjal,75,55,110,75
15-Aug-19,Beans,155,105,200,125
15-Aug-19,Carrot,90,83,125,103
15-Aug-19,Cabbage,25,23,55,43
15-Aug-19,Tomatoes,70,78,100,98
15-Aug-19,Brinjal,75,43,120,63
16-Aug-19,Beans,150,165,190,185
16-Aug-19,Carrot,75,105,110,125
16-Aug-19,Cabbage,25,30,55,48
16-Aug-19,Tomatoes,70,83,100,103
16-Aug-19,Brinjal,80,48,120,68
19-Aug-19,Beans,155,145,200,165
19-Aug-19,Carrot,75,88,120,108
19-Aug-19,Cabbage,25,23,60,43
19-Aug-19,Tomatoes,80,95,115,115
19-Aug-19,Brinjal,80,63,120,83
20-Aug-19,Beans,155,170,200,190
20-Aug-19,Carrot,75,60,110,80
20-Aug-19,Cabbage,25,23,55,43
20-Aug-19,Tomatoes,85,88,115,108
20-Aug-19,Brinjal,80,55,120,75
21-Aug-19,Beans,155,145,200,165
21-Aug-19,Carrot,75,98,120,118
21-Aug-19,Cabbage,30,23,55,43
21-Aug-19,Tomatoes,80,88,115,108
21-Aug-19,Brinjal,75,43,120,63
22-Aug-19,Beans,150,178,200,198
22-Aug-19,Carrot,80,68,120,88
22-Aug-19,Cabbage,30,33,55,53
22-Aug-19,Tomatoes,70,83,100,103
22-Aug-19,Brinjal,70,53,100,73
23-Aug-19,Beans,150,185,200,205
23-Aug-19,Carrot,80,68,120,88
23-Aug-19,Cabbage,30,33,55,53
23-Aug-19,Tomatoes,70,78,100,98
23-Aug-19,Brinjal,70,43,100,63
26-Aug-19,Beans,200,165,240,185
26-Aug-19,Carrot,75,78,115,98
26-Aug-19,Cabbage,30,30,55,50
26-Aug-19,Tomatoes,80,83,120,103
26-Aug-19,Brinjal,70,48,110,68
27-Aug-19,Beans,200,205,240,225
27-Aug-19,Carrot,75,73,73,93
27-Aug-19,Cabbage,30,28,55,48
27-Aug-19,Tomatoes,80,88,120,108
27-Aug-19,Brinjal,70,88,110,108
28-Aug-19,Beans,200,203,240,223
28-Aug-19,Carrot,70,68,100,88
28-Aug-19,Cabbage,30,33,55,53
28-Aug-19,Tomatoes,80,83,120,103
28-Aug-19,Brinjal,80,68,120,120
29-Aug-19,Beans,190,205,230,225
29-Aug-19,Carrot,75,73,110,93
29-Aug-19,Cabbage,30,28,55,48
29-Aug-19,Tomatoes,80,88,120,108
29-Aug-19,Brinjal,80,73,120,93
30-Aug-19,Beans,200,223,240,243
30-Aug-19,Carrot,65,78,100,98
30-Aug-19,Cabbage,30,38,55,58
30-Aug-19,Tomatoes,80,83,120,103
30-Aug-19,Brinjal,80,73,120,93
2-Sep-19,Beans,200,205,240,225
2-Sep-19,Carrot,80,73,120,93
2-Sep-19,Cabbage,55,33,80,53
2-Sep-19,Tomatoes,80,93,120,113
2-Sep-19,Brinjal,80,53,120,73
3-Sep-19,Beans,200,180,240,215
3-Sep-19,Carrot,80,73,120,93
3-Sep-19,Cabbage,55,33,80,53
3-Sep-19,Tomatoes,80,75,120,95
3-Sep-19,Brinjal,85,85,135,105
4-Sep-19,Beans,180,203,230,223
4-Sep-19,Carrot,80,93,120,108
4-Sep-19,Cabbage,60,43,90,63
4-Sep-19,Tomatoes,80,78,120,98
4-Sep-19,Brinjal,85,95,130,115
5-Sep-19,Beans,180,228,220,248
5-Sep-19,Carrot,75,73,115,93
5-Sep-19,Cabbage,55,48,80,68
5-Sep-19,Tomatoes,80,50,120,70
5-Sep-19,Brinjal,90,113,130,133
6-Sep-19,Beans,180,215,220,235
6-Sep-19,Carrot,75,73,115,93
6-Sep-19,Cabbage,60,53,80,73
6-Sep-19,Tomatoes,80,44,120,64
6-Sep-19,Brinjal,90,98,130,118
9-Sep-19,Beans,200,218,260,238
9-Sep-19,Carrot,75,78,120,98
9-Sep-19,Cabbage,60,53,80,73
9-Sep-19,Tomatoes,75,65,100,80
9-Sep-19,Brinjal,90,105,130,125
10-Sep-19,Beans,200,195,260,215
10-Sep-19,Carrot,80,68,120,88
10-Sep-19,Cabbage,55,53,80,73
10-Sep-19,Tomatoes,60,48,90,68
10-Sep-19,Brinjal,95,105,155,125
11-Sep-19,Beans,200,215,260,235
11-Sep-19,Carrot,80,80,120,100
11-Sep-19,Cabbage,65,65,100,85
11-Sep-19,Tomatoes,60,60,100,80
11-Sep-19,Brinjal,100,115,155,135
12-Sep-19,Beans,200,175,240,195
12-Sep-19,Carrot,70,75,100,95
12-Sep-19,Cabbage,70,53,100,73
12-Sep-19,Tomatoes,60,48,80,68
12-Sep-19,Brinjal,100,83,140,103
16-Sep-19,Beans,200,175,240,195
16-Sep-19,Carrot,80,68,120,88
16-Sep-19,Cabbage,65,73,100,93
16-Sep-19,Tomatoes,70,78,100,98
16-Sep-19,Brinjal,90,115,130,135
17-Sep-19,Beans,200,175,240,195
17-Sep-19,Carrot,95,85,120,105
17-Sep-19,Cabbage,70,53,100,73
17-Sep-19,Tomatoes,65,68,100,88
17-Sep-19,Brinjal,90,115,130,135
18-Sep-19,Beans,200,215,240,235
18-Sep-19,Carrot,75,78,100,98
18-Sep-19,Cabbage,70,63,100,83
18-Sep-19,Tomatoes,70,78,100,98
18-Sep-19,Brinjal,90,95,130,115
19-Sep-19,Beans,160,155,200,175
19-Sep-19,Carrot,80,73,120,93
19-Sep-19,Cabbage,70,68,100,88
19-Sep-19,Tomatoes,100,88,140,108
19-Sep-19,Brinjal,90,115,120,135
20-Sep-19,Beans,160,143,200,163
20-Sep-19,Carrot,80,83,120,103
20-Sep-19,Cabbage,70,73,100,93
20-Sep-19,Tomatoes,110,103,140,123
20-Sep-19,Brinjal,100,113,140,133
23-Sep-19,Beans,155,145,200,165
23-Sep-19,Carrot,70,95,110,115
23-Sep-19,Cabbage,70,53,100,73
23-Sep-19,Tomatoes,95,95,140,115
23-Sep-19,Brinjal,100,105,150,125
24-Sep-19,Beans,150,135,190,155
24-Sep-19,Carrot,65,65,100,85
24-Sep-19,Cabbage,70,63,100,83
24-Sep-19,Tomatoes,85,95,120,115
24-Sep-19,Brinjal,100,105,140,125
25-Sep-19,Beans,140,155,180,180
25-Sep-19,Carrot,60,72,90,93
25-Sep-19,Cabbage,70,88,100,108
25-Sep-19,Tomatoes,80,95,120,115
25-Sep-19,Brinjal,100,95,140,115
26-Sep-19,Beans,140,95,170,115
26-Sep-19,Carrot,80,68,120,88
26-Sep-19,Cabbage,110,63,150,83
26-Sep-19,Tomatoes,100,75,140,95
26-Sep-19,Brinjal,100,83,140,103
27-Sep-19,Beans,145,108,190,128
27-Sep-19,Carrot,80,103,120,123
27-Sep-19,Cabbage,110,58,150,78
27-Sep-19,Tomatoes,100,78,140,98
27-Sep-19,Brinjal,100,88,140,108
30-Sep-19,Beans,180,105,240,125
30-Sep-19,Carrot,80,63,120,83
30-Sep-19,Cabbage,100,83,150,103
30-Sep-19,Tomatoes,100,95,140,115
30-Sep-19,Brinjal,100,83,140,103
1-Oct-19,Beans,180,163,230,183
1-Oct-19,Carrot,80,68,120,88
1-Oct-19,Cabbage,100,83,150,103
1-Oct-19,Tomatoes,100,95,140,115
1-Oct-19,Brinjal,95,73,135,93
2-Oct-19,Beans,160,155,200,175
2-Oct-19,Carrot,75,75,115,95
2-Oct-19,Cabbage,100,68,150,88
2-Oct-19,Tomatoes,100,108,140,128
2-Oct-19,Brinjal,100,95,140,115
3-Oct-19,Beans,160,83,200,103
3-Oct-19,Carrot,75,73,115,93
3-Oct-19,Cabbage,100,83,150,103
3-Oct-19,Tomatoes,100,105,140,125
3-Oct-19,Brinjal,95,83,135,103
4-Oct-19,Beans,165,145,200,165
4-Oct-19,Carrot,75,73,115,93
4-Oct-19,Cabbage,95,78,155,98
4-Oct-19,Tomatoes,100,105,140,125
4-Oct-19,Brinjal,100,95,140,115
7-Oct-19,Beans,160,115,200,135
7-Oct-19,Carrot,75,75,115,95
7-Oct-19,Cabbage,90,95,140,115
7-Oct-19,Tomatoes,100,105,140,125
7-Oct-19,Brinjal,100,78,140,98
8-Oct-19,Beans,160,175,200,195
8-Oct-19,Carrot,100,75,140,95
8-Oct-19,Cabbage,90,70,140,90
8-Oct-19,Tomatoes,100,95,140,115
8-Oct-19,Brinjal,90,68,130,88
9-Oct-19,Beans,150,153,190,173
9-Oct-19,Carrot,100,78,140,98
9-Oct-19,Cabbage,85,73,130,93
9-Oct-19,Tomatoes,100,98,140,118
9-Oct-19,Brinjal,95,93,130,113
10-Oct-19,Beans,155,163,200,183
10-Oct-19,Carrot,100,115,140,135
10-Oct-19,Cabbage,105,85,160,105
10-Oct-19,Tomatoes,100,95,140,115
10-Oct-19,Brinjal,110,73,155,93
11-Oct-19,Beans,160,135,200,155
11-Oct-19,Carrot,100,113,140,133
11-Oct-19,Cabbage,100,85,140,105
11-Oct-19,Tomatoes,100,65,140,85
11-Oct-19,Brinjal,100,75,140,95
14-Oct-19,Beans,155,115,200,135
14-Oct-19,Carrot,100,105,140,125
14-Oct-19,Cabbage,100,85,140,105
14-Oct-19,Tomatoes,100,95,140,110
14-Oct-19,Brinjal,105,73,145,93
15-Oct-19,Beans,160,125,200,145
15-Oct-19,Carrot,95,95,135,115
15-Oct-19,Cabbage,100,85,140,105
15-Oct-19,Tomatoes,100,95,140,115
15-Oct-19,Brinjal,110,73,140,93
16-Oct-19,Beans,150,95,190,115
16-Oct-19,Carrot,120,95,150,115
16-Oct-19,Cabbage,130,95,180,115
16-Oct-19,Tomatoes,120,105,150,125
16-Oct-19,Brinjal,120,65,150,85
17-Oct-19,Beans,150,95,180,115
17-Oct-19,Carrot,120,98,150,118
17-Oct-19,Cabbage,120,78,160,98
17-Oct-19,Tomatoes,120,95,150,115
17-Oct-19,Brinjal,120,78,150,98
18-Oct-19,Beans,145,98,190,118
18-Oct-19,Carrot,120,95,150,115
18-Oct-19,Cabbage,115,83,155,103
18-Oct-19,Tomatoes,120,95,150,115
18-Oct-19,Brinjal,120,83,150,103
21-Oct-19,Beans,140,83,190,103
21-Oct-19,Carrot,120,118,160,138
21-Oct-19,Cabbage,120,68,160,88
21-Oct-19,Tomatoes,120,83,160,103
21-Oct-19,Brinjal,120,68,150,88
22-Oct-19,Beans,130,95,170,115
22-Oct-19,Carrot,120,113,170,133
22-Oct-19,Cabbage,120,75,160,95
22-Oct-19,Tomatoes,120,88,160,108
22-Oct-19,Brinjal,120,75,150,95
23-Oct-19,Beans,130,78,170,98
23-Oct-19,Carrot,115,123,175,143
23-Oct-19,Cabbage,120,93,160,113
23-Oct-19,Tomatoes,110,88,150,108
23-Oct-19,Brinjal,120,68,150,88
24-Oct-19,Beans,120,74,160,93
24-Oct-19,Carrot,120,135,170,155
24-Oct-19,Cabbage,110,88,160,108
24-Oct-19,Tomatoes,120,78,160,98
24-Oct-19,Brinjal,100,73,140,93
25-Oct-19,Beans,120,83,160,103
25-Oct-19,Carrot,120,115,160,135
25-Oct-19,Cabbage,120,93,160,113
25-Oct-19,Tomatoes,120,88,160,108
25-Oct-19,Brinjal,100,95,140,115
28-Oct-19,Beans,140,95,180,115
28-Oct-19,Carrot,290,185,330,205
28-Oct-19,Cabbage,140,85,190,105
28-Oct-19,Tomatoes,120,105,160,125
28-Oct-19,Brinjal,95,85,120,105
29-Oct-19,Beans,140,95,190,115
29-Oct-19,Carrot,240,155,280,175
29-Oct-19,Cabbage,140,95,190,115
29-Oct-19,Tomatoes,125,95,170,115
29-Oct-19,Brinjal,85,65,120,85
30-Oct-19,Beans,140,95,170,115
30-Oct-19,Carrot,170,235,210,255
30-Oct-19,Cabbage,140,83,190,103
30-Oct-19,Tomatoes,125,88,170,108
30-Oct-19,Brinjal,85,88,120,108
31-Oct-19,Beans,140,133,160,153
31-Oct-19,Carrot,180,183,210,203
31-Oct-19,Cabbage,140,83,180,103
31-Oct-19,Tomatoes,125,103,170,123
31-Oct-19,Brinjal,85,83,120,103
1-Nov-19,Beans,145,105,170,125
1-Nov-19,Carrot,180,213,210,233
1-Nov-19,Cabbage,120,83,170,103
1-Nov-19,Tomatoes,125,103,170,123
1-Nov-19,Brinjal,85,73,120,93
4-Nov-19,Beans,150,143,190,163
4-Nov-19,Carrot,180,193,220,220
4-Nov-19,Cabbage,140,95,190,115
4-Nov-19,Tomatoes,130,93,170,113
4-Nov-19,Brinjal,85,83,120,103
5-Nov-19,Beans,140,198,200,218
5-Nov-19,Carrot,160,185,200,205
5-Nov-19,Cabbage,120,95,180,115
5-Nov-19,Tomatoes,120,85,160,105
5-Nov-19,Brinjal,100,85,140,105
6-Nov-19,Beans,150,105,190,125
6-Nov-19,Carrot,230,155,270,175
6-Nov-19,Cabbage,150,98,190,118
6-Nov-19,Tomatoes,120,65,160,85
6-Nov-19,Brinjal,80,73,115,93
7-Nov-19,Beans,130,83,160,103
7-Nov-19,Carrot,230,215,260,235
7-Nov-19,Cabbage,140,105,180,125
7-Nov-19,Tomatoes,120,58,160,78
7-Nov-19,Brinjal,80,75,115,95
8-Nov-19,Beans,145,115,190,135
8-Nov-19,Carrot,230,165,260,185
8-Nov-19,Cabbage,140,83,180,103
8-Nov-19,Tomatoes,120,55,160,75
8-Nov-19,Brinjal,80,68,115,88
13-Nov-19,Beans,120,115,160,135
13-Nov-19,Carrot,230,255,280,275
13-Nov-19,Cabbage,120,105,170,125
13-Nov-19,Tomatoes,65,58,110,78
13-Nov-19,Brinjal,80,88,120,108
14-Nov-19,Beans,120,105,160,125
14-Nov-19,Carrot,200,225,260,245
14-Nov-19,Cabbage,120,95,170,115
14-Nov-19,Tomatoes,60,45,100,65
14-Nov-19,Brinjal,80,95,120,115
15-Nov-19,Beans,120,93,160,113
15-Nov-19,Carrot,200,253,260,273
15-Nov-19,Cabbage,120,93,170,113
15-Nov-19,Tomatoes,60,43,100,63
15-Nov-19,Brinjal,85,83,130,103
18-Nov-19,Beans,150,145,200,165
18-Nov-19,Carrot,300,295,350,315
18-Nov-19,Cabbage,190,113,250,133
18-Nov-19,Tomatoes,55,53,90,73
18-Nov-19,Brinjal,180,93,250,113
19-Nov-19,Beans,90,88,120,108
19-Nov-19,Carrot,240,288,270,308
19-Nov-19,Cabbage,150,98,190,118
19-Nov-19,Tomatoes,55,43,100,63
19-Nov-19,Brinjal,150,115,190,135
20-Nov-19,Beans,100,85,120,105
20-Nov-19,Carrot,240,275,280,295
20-Nov-19,Cabbage,150,93,190,113
20-Nov-19,Tomatoes,55,65,90,85
20-Nov-19,Brinjal,150,115,190,160
21-Nov-19,Beans,100,35,130,55
21-Nov-19,Carrot,240,218,270,238
21-Nov-19,Cabbage,140,105,180,125
21-Nov-19,Tomatoes,55,35,90,55
21-Nov-19,Brinjal,140,105,180,125
22-Nov-19,Beans,90,38,120,58
22-Nov-19,Carrot,240,215,270,235
22-Nov-19,Cabbage,145,98,180,118
22-Nov-19,Tomatoes,50,53,80,73
22-Nov-19,Brinjal,145,88,180,108
25-Nov-19,Beans,100,63,130,83
25-Nov-19,Carrot,220,225,260,245
25-Nov-19,Cabbage,140,98,180,108
25-Nov-19,Tomatoes,55,53,90,73
25-Nov-19,Brinjal,140,85,170,105
26-Nov-19,Beans,95,58,120,78
26-Nov-19,Carrot,180,205,220,225
26-Nov-19,Cabbage,110,88,160,108
26-Nov-19,Tomatoes,50,58,80,75
26-Nov-19,Brinjal,120,118,160,138
27-Nov-19,Beans,95,33,120,53
27-Nov-19,Carrot,180,185,230,205
27-Nov-19,Cabbage,100,73,140,93
27-Nov-19,Tomatoes,50,48,80,68
27-Nov-19,Brinjal,120,105,160,125
28-Nov-19,Beans,85,65,120,85
28-Nov-19,Carrot,180,155,230,175
28-Nov-19,Cabbage,100,88,150,108
28-Nov-19,Tomatoes,50,65,80,85
28-Nov-19,Brinjal,120,115,160,135
29-Nov-19,Beans,90,88,120,108
29-Nov-19,Carrot,180,215,220,235
29-Nov-19,Cabbage,100,58,140,78
29-Nov-19,Tomatoes,45,68,80,88
29-Nov-19,Brinjal,120,115,160,135
2-Dec-19,Beans,100,63,140,83
2-Dec-19,Carrot,180,195,220,215
2-Dec-19,Cabbage,100,75,150,95
2-Dec-19,Tomatoes,50,63,80,83
2-Dec-19,Brinjal,120,88,160,108
3-Dec-19,Beans,100,68,140,88
3-Dec-19,Carrot,180,195,220,215
3-Dec-19,Cabbage,100,53,140,73
3-Dec-19,Tomatoes,50,63,80,83
3-Dec-19,Brinjal,120,85,160,105
4-Dec-19,Beans,160,90,190,110
4-Dec-19,Carrot,180,233,230,253
4-Dec-19,Cabbage,80,73,120,93
4-Dec-19,Tomatoes,80,63,120,83
4-Dec-19,Brinjal,140,85,170,105
5-Dec-19,Beans,180,95,220,115
5-Dec-19,Carrot,180,215,240,240
5-Dec-19,Cabbage,80,58,58,78
5-Dec-19,Tomatoes,80,78,120,98
5-Dec-19,Brinjal,140,95,170,115
6-Dec-19,Beans,200,195,250,215
6-Dec-19,Carrot,200,190,250,210
6-Dec-19,Cabbage,80,78,120,98
6-Dec-19,Tomatoes,85,105,150,125
6-Dec-19,Brinjal,140,105,160,125
9-Dec-19,Beans,320,155,370,175
9-Dec-19,Carrot,190,128,250,148
9-Dec-19,Cabbage,90,63,130,83
9-Dec-19,Tomatoes,120,93,170,113
9-Dec-19,Brinjal,140,103,170,123
10-Dec-19,Beans,320,305,390,325
10-Dec-19,Carrot,200,235,235,255
10-Dec-19,Cabbage,100,95,160,115
10-Dec-19,Tomatoes,140,93,170,113
10-Dec-19,Brinjal,140,115,170,170
12-Dec-19,Beans,320,190,360,210
12-Dec-19,Carrot,190,225,250,245
12-Dec-19,Cabbage,90,88,130,108
12-Dec-19,Tomatoes,100,68,140,88
12-Dec-19,Brinjal,150,115,190,135
13-Dec-19,Beans,325,290,390,310
13-Dec-19,Carrot,210,263,270,283
13-Dec-19,Cabbage,100,105,140,125
13-Dec-19,Tomatoes,100,88,140,108
13-Dec-19,Brinjal,180,118,240,138
16-Dec-19,Beans,330,345,400,365
16-Dec-19,Carrot,220,335,280,355
16-Dec-19,Cabbage,100,115,155,135
16-Dec-19,Tomatoes,100,83,145,103
16-Dec-19,Brinjal,200,275,250,295
17-Dec-19,Beans,330,305,390,325
17-Dec-19,Carrot,220,185,280,205
17-Dec-19,Cabbage,100,75,155,95
17-Dec-19,Tomatoes,100,85,145,105
17-Dec-19,Brinjal,200,205,260,225
18-Dec-19,Beans,300,305,360,325
18-Dec-19,Carrot,250,233,310,253
18-Dec-19,Cabbage,100,78,155,98
18-Dec-19,Tomatoes,100,83,145,103
18-Dec-19,Brinjal,180,183,245,203
19-Dec-19,Beans,260,213,300,233
19-Dec-19,Carrot,250,305,290,325
19-Dec-19,Cabbage,100,88,155,108
19-Dec-19,Tomatoes,100,63,145,83
19-Dec-19,Brinjal,230,163,290,183
20-Dec-19,Beans,260,175,300,195
20-Dec-19,Carrot,250,345,290,365
20-Dec-19,Cabbage,100,80,155,100
20-Dec-19,Tomatoes,100,85,145,105
20-Dec-19,Brinjal,230,195,280,215
23-Dec-19,Beans,320,205,370,225
23-Dec-19,Carrot,220,215,215,235
23-Dec-19,Cabbage,100,75,150,95
23-Dec-19,Tomatoes,245,155,290,175
23-Dec-19,Brinjal,250,215,300,235
24-Dec-19,Beans,340,185,390,205
24-Dec-19,Carrot,220,245,280,265
24-Dec-19,Cabbage,100,85,150,105
24-Dec-19,Tomatoes,245,175,280,195
24-Dec-19,Brinjal,250,175,175,195
26-Dec-19,Beans,290,305,345,325
26-Dec-19,Carrot,270,305,350,325
26-Dec-19,Cabbage,115,85,170,105
26-Dec-19,Tomatoes,230,185,280,205
26-Dec-19,Brinjal,400,285,475,305
27-Dec-19,Beans,250,295,300,315
27-Dec-19,Carrot,300,275,380,395
27-Dec-19,Cabbage,110,85,170,105
27-Dec-19,Tomatoes,200,155,250,175
27-Dec-19,Brinjal,375,295,450,315
30-Dec-19,Beans,310,255,390,275
30-Dec-19,Carrot,310,305,390,325
30-Dec-19,Cabbage,120,85,180,105
30-Dec-19,Tomatoes,150,145,200,165
30-Dec-19,Brinjal,250,355,300,375
31-Dec-19,Beans,340,325,400,345
31-Dec-19,Carrot,340,295,400,315
31-Dec-19,Cabbage,120,105,170,125
31-Dec-19,Tomatoes,90,153,120,173
31-Dec-19,Brinjal,265,325,325,345
